feature_name_1,feature_name_2,correlation
Cells_AreaShapeArea_AreaShapeArea,Cytoplasm_Intensity_IntegratedIntensity_Intensity_IntegratedIntensity_DNA,0.9929054863080315
Cells_AreaShapeBoundingBoxArea_AreaShapeBoundingBoxArea,Cytoplasm_Intensity_IntegratedIntensity_Intensity_IntegratedIntensity_DNA,0.9873110691321533
Cytoplasm_Intensity_IntegratedIntensityEdge_Intensity_IntegratedIntensityEdge_DNA,Cells_AreaShapePerimeter_AreaShapePerimeter,0.9789185969116403
Cells_AreaShapeBoundingBoxArea_AreaShapeBoundingBoxArea,Cytoplasm_Intensity_IntegratedIntensityEdge_Intensity_IntegratedIntensityEdge_DNA,0.9699235716676194
Cells_AreaShapePerimeter_AreaShapePerimeter,Cytoplasm_Intensity_IntegratedIntensity_Intensity_IntegratedIntensity_DNA,0.9669397375536917
Cytoplasm_Intensity_IntegratedIntensityEdge_Intensity_IntegratedIntensityEdge_DNA,Cells_AreaShapeArea_AreaShapeArea,0.9634459889504476
Cells_AreaShapeMaxFeretDiameter_AreaShapeMaxFeretDiameter,Cytoplasm_Intensity_IntegratedIntensity_Intensity_IntegratedIntensity_DNA,0.9428424521102173
Cells_AreaShapeMajorAxisLength_AreaShapeMajorAxisLength,Cytoplasm_Intensity_IntegratedIntensity_Intensity_IntegratedIntensity_DNA,0.9380318957369358
Cells_AreaShapeMaxFeretDiameter_AreaShapeMaxFeretDiameter,Cytoplasm_Intensity_IntegratedIntensityEdge_Intensity_IntegratedIntensityEdge_DNA,0.9373834049366255
Cells_AreaShapeEquivalentDiameter_AreaShapeEquivalentDiameter,Cytoplasm_Intensity_IntegratedIntensity_Intensity_IntegratedIntensity_DNA,0.932005645202414
Cytoplasm_Intensity_IntegratedIntensityEdge_Intensity_IntegratedIntensityEdge_DNA,Cells_AreaShapeMajorAxisLength_AreaShapeMajorAxisLength,0.931785551521735
Cells_AreaShapeMinFeretDiameter_AreaShapeMinFeretDiameter,Cytoplasm_Intensity_IntegratedIntensity_Intensity_IntegratedIntensity_DNA,0.9316621356016654
Cytoplasm_Texture_SumAverage_Texture_SumAverage_ER_3_00_256,Cells_Intensity_MeanIntensityEdge_Intensity_MeanIntensityEdge_RNA,0.9248813626326111
Cells_Intensity_MeanIntensityEdge_Intensity_MeanIntensityEdge_RNA,Cytoplasm_Texture_SumAverage_Texture_SumAverage_ER_3_02_256,0.924841252821267
Cytoplasm_AreaShapeMinorAxisLength_AreaShapeMinorAxisLength,Cells_Intensity_IntegratedIntensity_Intensity_IntegratedIntensity_DNA,0.9193335747167808
Cytoplasm_Intensity_IntegratedIntensityEdge_Intensity_IntegratedIntensityEdge_DNA,Cells_AreaShapeMinFeretDiameter_AreaShapeMinFeretDiameter,0.9165277770898717
Cytoplasm_Intensity_MinIntensity_Intensity_MinIntensity_DNA,Nuclei_Texture_DifferenceVariance_Texture_DifferenceVariance_RNA_5_03_256,0.914097720938754
Nuclei_Texture_DifferenceVariance_Texture_DifferenceVariance_RNA_5_01_256,Cytoplasm_Intensity_MinIntensity_Intensity_MinIntensity_DNA,0.9138765299209253
Cells_Intensity_IntegratedIntensityEdge_Intensity_IntegratedIntensityEdge_DNA,Cytoplasm_AreaShapeMaxFeretDiameter_AreaShapeMaxFeretDiameter,0.9132116605264382
Cytoplasm_Intensity_IntegratedIntensityEdge_Intensity_IntegratedIntensityEdge_DNA,Cells_AreaShapeEquivalentDiameter_AreaShapeEquivalentDiameter,0.9125093474955732
Cytoplasm_Texture_SumAverage_Texture_SumAverage_RNA_10_03_256,Cells_Intensity_MeanIntensity_Intensity_MeanIntensity_ER,0.9114844126152151
Cells_Intensity_MeanIntensity_Intensity_MeanIntensity_ER,Cytoplasm_Texture_SumAverage_Texture_SumAverage_RNA_10_02_256,0.9101160535918321
Cells_Texture_AngularSecondMoment_Texture_AngularSecondMoment_RNA_10_03_256,Cytoplasm_Intensity_MinIntensity_Intensity_MinIntensity_DNA,0.910050441635313
Cytoplasm_Intensity_MinIntensity_Intensity_MinIntensity_DNA,Cells_Texture_AngularSecondMoment_Texture_AngularSecondMoment_RNA_10_01_256,0.909678333705928
Cytoplasm_Texture_SumAverage_Texture_SumAverage_ER_10_01_256,Cells_Intensity_LowerQuartileIntensity_Intensity_LowerQuartileIntensity_RNA,0.9096555495853554
Cells_Intensity_LowerQuartileIntensity_Intensity_LowerQuartileIntensity_RNA,Cytoplasm_Texture_SumAverage_Texture_SumAverage_ER_3_02_256,0.9089219233714811
Cytoplasm_AreaShapeEulerNumber_AreaShapeEulerNumber,Nuclei_RadialDistribution_FracAtD_RadialDistribution_FracAtD_AGP_3of4,0.9069704846355462
Cells_Intensity_MinIntensityEdge_Intensity_MinIntensityEdge_DNA,Nuclei_Texture_DifferenceVariance_Texture_DifferenceVariance_RNA_5_03_256,0.9051350857665302
Nuclei_Texture_DifferenceVariance_Texture_DifferenceVariance_RNA_5_01_256,Cells_Intensity_MinIntensityEdge_Intensity_MinIntensityEdge_DNA,0.9049225039473845
Cytoplasm_Intensity_MedianIntensity_Intensity_MedianIntensity_RNA,Cells_Texture_SumAverage_Texture_SumAverage_ER_3_00_256,0.9033240287885872
Cells_Texture_SumAverage_Texture_SumAverage_ER_3_00_256,Cytoplasm_Intensity_UpperQuartileIntensity_Intensity_UpperQuartileIntensity_RNA,0.9023036535461528
Cells_Texture_SumAverage_Texture_SumAverage_ER_3_01_256,Cytoplasm_Intensity_MedianIntensity_Intensity_MedianIntensity_RNA,0.9010718403027774
Nuclei_Texture_AngularSecondMoment_Texture_AngularSecondMoment_RNA_5_01_256,Cells_Intensity_MinIntensityEdge_Intensity_MinIntensityEdge_DNA,0.9008268917483965
Cells_Intensity_MinIntensityEdge_Intensity_MinIntensityEdge_DNA,Nuclei_Texture_AngularSecondMoment_Texture_AngularSecondMoment_RNA_5_03_256,0.9007517086574814
Cytoplasm_Intensity_UpperQuartileIntensity_Intensity_UpperQuartileIntensity_RNA,Cells_Texture_SumAverage_Texture_SumAverage_ER_5_02_256,0.9007194368661585
Cytoplasm_Intensity_IntegratedIntensityEdge_Intensity_IntegratedIntensityEdge_DNA,Cells_AreaShapeMinorAxisLength_AreaShapeMinorAxisLength,0.8952505102110383
Nuclei_AreaShapeCompactness_AreaShapeCompactness,Cytoplasm_Intensity_LowerQuartileIntensity_Intensity_LowerQuartileIntensity_DNA,0.892447004319262
Cytoplasm_Intensity_IntegratedIntensity_Intensity_IntegratedIntensity_AGP,Cells_AreaShapeArea_AreaShapeArea,0.8880451250997953
Cells_AreaShapeMaximumRadius_AreaShapeMaximumRadius,Cytoplasm_Intensity_IntegratedIntensity_Intensity_IntegratedIntensity_DNA,0.8872183444648306
Nuclei_AreaShapeCompactness_AreaShapeCompactness,Cytoplasm_Intensity_MedianIntensity_Intensity_MedianIntensity_DNA,0.8833651124623083
Cytoplasm_Texture_SumAverage_Texture_SumAverage_ER_10_01_256,Cells_Intensity_MaxIntensityEdge_Intensity_MaxIntensityEdge_RNA,0.8815391383499207
Cells_NeighborsSecondClosestDistance_NeighborsSecondClosestDistance_Adjacent,Cytoplasm_Intensity_IntegratedIntensity_Intensity_IntegratedIntensity_DNA,0.8793893684510379
Cytoplasm_Intensity_IntegratedIntensity_Intensity_IntegratedIntensity_DNA,Cells_NeighborsSecondClosestDistance_NeighborsSecondClosestDistance_5,0.8793893684510379
Cells_Intensity_MaxIntensityEdge_Intensity_MaxIntensityEdge_RNA,Cytoplasm_Texture_SumAverage_Texture_SumAverage_ER_3_02_256,0.877805871728348
Cytoplasm_AreaShapeMeanRadius_AreaShapeMeanRadius,Cells_Intensity_IntegratedIntensity_Intensity_IntegratedIntensity_DNA,0.8776313733652696
Cells_Texture_InfoMeas2_Texture_InfoMeas2_RNA_3_03_256,Cytoplasm_AreaShapeSolidity_AreaShapeSolidity,0.8754968269321591
Cytoplasm_AreaShapeSolidity_AreaShapeSolidity,Cells_Texture_InfoMeas2_Texture_InfoMeas2_RNA_3_01_256,0.8752765053164127
Nuclei_AreaShapeCompactness_AreaShapeCompactness,Cells_Intensity_MinIntensityEdge_Intensity_MinIntensityEdge_DNA,0.8745470811292197
Cytoplasm_AreaShapeMedianRadius_AreaShapeMedianRadius,Cells_Intensity_IntegratedIntensity_Intensity_IntegratedIntensity_DNA,0.8740277570284999
Cells_RadialDistributionRadialCV_RadialDistributionRadialCV_mito_tubeness_1of20,Cytoplasm_Intensity_IntegratedIntensity_Intensity_IntegratedIntensity_DNA,0.8725308148777635
Cytoplasm_Intensity_IntegratedIntensityEdge_Intensity_IntegratedIntensityEdge_DNA,Cells_NeighborsSecondClosestDistance_NeighborsSecondClosestDistance_Adjacent,0.8706638963798043
Cytoplasm_Texture_DifferenceEntropy_Texture_DifferenceEntropy_RNA_3_02_256,Cells_Intensity_UpperQuartileIntensity_Intensity_UpperQuartileIntensity_ER,0.8702149337247327
Nuclei_Texture_DifferenceVariance_Texture_DifferenceVariance_RNA_5_03_256,Cytoplasm_Intensity_LowerQuartileIntensity_Intensity_LowerQuartileIntensity_DNA,0.8696826542937011
Cytoplasm_Intensity_LowerQuartileIntensity_Intensity_LowerQuartileIntensity_DNA,Nuclei_Texture_DifferenceVariance_Texture_DifferenceVariance_RNA_3_03_256,0.8681505210476413
Nuclei_Texture_AngularSecondMoment_Texture_AngularSecondMoment_RNA_5_01_256,Cytoplasm_Intensity_LowerQuartileIntensity_Intensity_LowerQuartileIntensity_DNA,0.8671315129629353
Cytoplasm_Intensity_LowerQuartileIntensity_Intensity_LowerQuartileIntensity_DNA,Cells_Texture_AngularSecondMoment_Texture_AngularSecondMoment_RNA_5_03_256,0.8666743416620446
Cells_RadialDistribution_MeanFrac_RadialDistribution_MeanFrac_RNA_1of4,Nuclei_Granularity_8_Granularity_8_ER,0.8631817828749763
Nuclei_Texture_DifferenceVariance_Texture_DifferenceVariance_RNA_5_03_256,Cytoplasm_Intensity_MedianIntensity_Intensity_MedianIntensity_DNA,0.8616099275983439
Cells_Intensity_MaxIntensityEdge_Intensity_MaxIntensityEdge_DNA,Nuclei_NeighborsPercentTouching_NeighborsPercentTouching_1,0.860514341313442
Nuclei_Intensity_MinIntensityEdge_Intensity_MinIntensityEdge_ER,Cytoplasm_Texture_SumAverage_Texture_SumAverage_RNA_10_03_256,0.8603702504866044
Cytoplasm_Intensity_MedianIntensity_Intensity_MedianIntensity_DNA,Nuclei_Texture_DifferenceVariance_Texture_DifferenceVariance_RNA_10_02_256,0.8600007075114052
Nuclei_Texture_AngularSecondMoment_Texture_AngularSecondMoment_RNA_5_01_256,Cytoplasm_Intensity_MedianIntensity_Intensity_MedianIntensity_DNA,0.8593000702903519
Cells_Intensity_UpperQuartileIntensity_Intensity_UpperQuartileIntensity_ER,Cytoplasm_Texture_DifferenceEntropy_Texture_DifferenceEntropy_RNA_5_02_256,0.8591889481503999
Cytoplasm_RadialDistribution_RadialCV_RadialDistribution_RadialCV_DNA_4of4,Nuclei_NeighborsPercentTouching_NeighborsPercentTouching_1,0.8590836895523829
Nuclei_AreaShapeCompactness_AreaShapeCompactness,Cytoplasm_Intensity_MinIntensity_Intensity_MinIntensity_DNA,0.859080398707175
Cells_Intensity_IntegratedIntensityEdge_Intensity_IntegratedIntensityEdge_DNA,Nuclei_NeighborsFirstClosestDistance_NeighborsFirstClosestDistance_1,0.8588857930187269
Cytoplasm_Intensity_MedianIntensity_Intensity_MedianIntensity_DNA,Cells_Texture_AngularSecondMoment_Texture_AngularSecondMoment_RNA_5_03_256,0.8579463236274386
Nuclei_AreaShapeCompactness_AreaShapeCompactness,Cells_Texture_AngularSecondMoment_Texture_AngularSecondMoment_RNA_5_02_256,0.8579381788089416
Cells_Texture_AngularSecondMoment_Texture_AngularSecondMoment_RNA_5_00_256,Nuclei_AreaShapeCompactness_AreaShapeCompactness,0.8578139700819004
Cytoplasm_Intensity_MeanIntensityEdge_Intensity_MeanIntensityEdge_DNA,Nuclei_NeighborsNumberOfNeighbors_NeighborsNumberOfNeighbors_1,0.8575260610167535
Cytoplasm_Texture_SumAverage_Texture_SumAverage_RNA_3_00_256,Nuclei_Intensity_MinIntensityEdge_Intensity_MinIntensityEdge_ER,0.8562202019227423
Cytoplasm_Intensity_IntegratedIntensityEdge_Intensity_IntegratedIntensityEdge_DNA,Cells_AreaShapeMaximumRadius_AreaShapeMaximumRadius,0.8546729982467768
Cytoplasm_Intensity_IntegratedIntensityEdge_Intensity_IntegratedIntensityEdge_DNA,Nuclei_AreaShapeBoundingBoxArea_AreaShapeBoundingBoxArea,0.8536618190760797
Cells_Intensity_IntegratedIntensityEdge_Intensity_IntegratedIntensityEdge_RNA,Cytoplasm_Texture_SumAverage_Texture_SumAverage_ER_10_01_256,0.8536090551837832
Cells_RadialDistributionRadialCV_RadialDistributionRadialCV_mito_tubeness_1of20,Cytoplasm_Intensity_IntegratedIntensityEdge_Intensity_IntegratedIntensityEdge_DNA,0.8532568745097926
Cells_RadialDistribution_MeanFrac_RadialDistribution_MeanFrac_RNA_1of4,Nuclei_Granularity_7_Granularity_7_ER,0.8530693788276738
Cells_Texture_DifferenceVariance_Texture_DifferenceVariance_RNA_5_00_256,Nuclei_AreaShapeCompactness_AreaShapeCompactness,0.8528405622235992
Cells_Intensity_LowerQuartileIntensity_Intensity_LowerQuartileIntensity_DNA,Cytoplasm_AreaShapeCompactness_AreaShapeCompactness,0.852514079282596
Nuclei_AreaShapeCompactness_AreaShapeCompactness,Cells_Texture_DifferenceVariance_Texture_DifferenceVariance_RNA_3_03_256,0.852406821908845
Nuclei_AreaShapeCompactness_AreaShapeCompactness,Cytoplasm_Granularity_2_Granularity_2_DNA,0.8522122177142213
Cytoplasm_Texture_SumAverage_Texture_SumAverage_ER_3_01_256,Cells_Intensity_IntegratedIntensityEdge_Intensity_IntegratedIntensityEdge_RNA,0.8515499771357401
Cytoplasm_AreaShapeZernike_AreaShapeZernike_4_2,Cells_Texture_InfoMeas2_Texture_InfoMeas2_RNA_3_02_256,0.8510322328344314
Cells_NeighborsFirstClosestDistance_NeighborsFirstClosestDistance_5,Cytoplasm_Intensity_IntegratedIntensity_Intensity_IntegratedIntensity_DNA,0.8504464743602905
Nuclei_Intensity_MinIntensity_Intensity_MinIntensity_ER,Cytoplasm_Texture_SumAverage_Texture_SumAverage_RNA_10_03_256,0.8502117865093937
Cells_Texture_InfoMeas2_Texture_InfoMeas2_RNA_3_00_256,Cytoplasm_AreaShapeZernike_AreaShapeZernike_4_2,0.8497542509036747
Cells_Intensity_MassDisplacement_Intensity_MassDisplacement_ER,Cytoplasm_RadialDistribution_RadialCV_RadialDistribution_RadialCV_RNA_4of4,0.8491050434625972
Cytoplasm_Texture_DifferenceEntropy_Texture_DifferenceEntropy_RNA_3_02_256,Cells_Intensity_MeanIntensity_Intensity_MeanIntensity_ER,0.8490115436291945
Nuclei_Texture_SumAverage_Texture_SumAverage_ER_10_02_256,Cells_Intensity_MaxIntensity_Intensity_MaxIntensity_RNA,0.847877341103366
Cells_Intensity_MaxIntensity_Intensity_MaxIntensity_RNA,Nuclei_Texture_SumAverage_Texture_SumAverage_ER_5_01_256,0.846908716990443
Nuclei_Granularity_7_Granularity_7_RNA,Cells_RadialDistribution_MeanFrac_RadialDistribution_MeanFrac_ER_2of4,0.8464305778252494
Cells_Intensity_MassDisplacement_Intensity_MassDisplacement_RNA,Cytoplasm_AreaShapeMedianRadius_AreaShapeMedianRadius,0.845734405750795
Cytoplasm_Intensity_IntegratedIntensity_Intensity_IntegratedIntensity_AGP,Cells_AreaShapePerimeter_AreaShapePerimeter,0.8453972806453264
Cytoplasm_AreaShapeExtent_AreaShapeExtent,Cells_Texture_InfoMeas2_Texture_InfoMeas2_RNA_3_01_256,0.8450916820522673
Cells_Texture_InfoMeas2_Texture_InfoMeas2_RNA_3_03_256,Cytoplasm_AreaShapeExtent_AreaShapeExtent,0.8449618073531674
Cytoplasm_Texture_SumAverage_Texture_SumAverage_RNA_3_03_256,Nuclei_Intensity_MinIntensity_Intensity_MinIntensity_ER,0.8446298717047142
Cells_RadialDistribution_MeanFrac_RadialDistribution_MeanFrac_RNA_2of4,Nuclei_Granularity_9_Granularity_9_ER,0.8435147600904676
Nuclei_Granularity_1_Granularity_1_RNA,Cells_Texture_InfoMeas1_Texture_InfoMeas1_ER_3_02_256,0.8424903809809415
Nuclei_AreaShapeCompactness_AreaShapeCompactness,Cytoplasm_Intensity_UpperQuartileIntensity_Intensity_UpperQuartileIntensity_DNA,0.8415302991194431
Cells_Intensity_MassDisplacement_Intensity_MassDisplacement_RNA,Cytoplasm_AreaShapeMeanRadius_AreaShapeMeanRadius,0.8404309569134655
Nuclei_Intensity_MeanIntensityEdge_Intensity_MeanIntensityEdge_ER,Cytoplasm_Texture_DifferenceEntropy_Texture_DifferenceEntropy_RNA_3_01_256,0.8396031606991305
Cytoplasm_Intensity_IntegratedIntensity_Intensity_IntegratedIntensity_AGP,Cells_AreaShapeMaxFeretDiameter_AreaShapeMaxFeretDiameter,0.8377037151729987
Cells_Intensity_MassDisplacement_Intensity_MassDisplacement_RNA,Cytoplasm_AreaShapeArea_AreaShapeArea,0.8376517136384592
Nuclei_Intensity_MeanIntensity_Intensity_MeanIntensity_ER,Cells_Texture_DifferenceEntropy_Texture_DifferenceEntropy_RNA_5_01_256,0.8366173631201689
Cytoplasm_Intensity_IntegratedIntensityEdge_Intensity_IntegratedIntensityEdge_DNA,Cells_AreaShapeMeanRadius_AreaShapeMeanRadius,0.8365434819496498
Nuclei_Intensity_MedianIntensity_Intensity_MedianIntensity_ER,Cells_Texture_DifferenceEntropy_Texture_DifferenceEntropy_RNA_5_01_256,0.8365335883298147
Cells_Texture_DifferenceEntropy_Texture_DifferenceEntropy_RNA_5_03_256,Nuclei_Intensity_MedianIntensity_Intensity_MedianIntensity_ER,0.836429076280798
Cytoplasm_Texture_DifferenceEntropy_Texture_DifferenceEntropy_RNA_3_02_256,Nuclei_Intensity_MeanIntensityEdge_Intensity_MeanIntensityEdge_ER,0.8357891987911844
Cytoplasm_Intensity_UpperQuartileIntensity_Intensity_UpperQuartileIntensity_DNA,Nuclei_Texture_DifferenceVariance_Texture_DifferenceVariance_RNA_5_03_256,0.8353769816016086
Nuclei_Texture_DifferenceVariance_Texture_DifferenceVariance_RNA_5_01_256,Cytoplasm_Intensity_UpperQuartileIntensity_Intensity_UpperQuartileIntensity_DNA,0.8350570540502928
Cytoplasm_AreaShapeMedianRadius_AreaShapeMedianRadius,Cells_Intensity_IntegratedIntensityEdge_Intensity_IntegratedIntensityEdge_DNA,0.8349249966295109
Cytoplasm_Intensity_UpperQuartileIntensity_Intensity_UpperQuartileIntensity_DNA,Nuclei_Texture_AngularSecondMoment_Texture_AngularSecondMoment_RNA_5_03_256,0.8339217013501932
Nuclei_Texture_AngularSecondMoment_Texture_AngularSecondMoment_RNA_5_01_256,Cytoplasm_Intensity_UpperQuartileIntensity_Intensity_UpperQuartileIntensity_DNA,0.8339049103038038
Cytoplasm_Intensity_IntegratedIntensity_Intensity_IntegratedIntensity_AGP,Cells_AreaShapeMajorAxisLength_AreaShapeMajorAxisLength,0.8338533087396302
Cells_Texture_Entropy_Texture_Entropy_RNA_3_02_256,Nuclei_Intensity_MeanIntensity_Intensity_MeanIntensity_ER,0.833767589547732
Nuclei_Intensity_LowerQuartileIntensity_Intensity_LowerQuartileIntensity_ER,Cytoplasm_Texture_DifferenceEntropy_Texture_DifferenceEntropy_RNA_5_01_256,0.8333765915156938
Cells_Intensity_MassDisplacement_Intensity_MassDisplacement_RNA,Cytoplasm_AreaShapeEquivalentDiameter_AreaShapeEquivalentDiameter,0.8319305084642041
Nuclei_Granularity_8_Granularity_8_RNA,Cells_RadialDistribution_RadialCV_RadialDistribution_RadialCV_ER_3of4,0.8316388793331003
Cytoplasm_Texture_DifferenceEntropy_Texture_DifferenceEntropy_RNA_10_02_256,Nuclei_Intensity_LowerQuartileIntensity_Intensity_LowerQuartileIntensity_ER,0.8313094066294437
Cytoplasm_Intensity_MeanIntensity_Intensity_MeanIntensity_DNA,Nuclei_Texture_DifferenceVariance_Texture_DifferenceVariance_RNA_10_03_256,0.8303223258918427
Nuclei_Intensity_MeanIntensity_Intensity_MeanIntensity_ER,Cells_Texture_Entropy_Texture_Entropy_RNA_5_02_256,0.8300556332406512
Cytoplasm_Intensity_LowerQuartileIntensity_Intensity_LowerQuartileIntensity_DNA,Nuclei_RadialDistribution_FracAtD_RadialDistribution_FracAtD_AGP_4of4,0.8298897735908369
Nuclei_Intensity_MedianIntensity_Intensity_MedianIntensity_ER,Cells_Texture_Entropy_Texture_Entropy_RNA_3_02_256,0.8298181234380321
Cells_Texture_Entropy_Texture_Entropy_RNA_3_00_256,Nuclei_Intensity_MedianIntensity_Intensity_MedianIntensity_ER,0.8294104978099721
Cells_NeighborsFirstClosestDistance_NeighborsFirstClosestDistance_Adjacent,Cytoplasm_Intensity_IntegratedIntensityEdge_Intensity_IntegratedIntensityEdge_DNA,0.8289816894724252
Cytoplasm_Intensity_MedianIntensity_Intensity_MedianIntensity_DNA,Nuclei_RadialDistribution_FracAtD_RadialDistribution_FracAtD_AGP_4of4,0.8288986384225837
Cytoplasm_Intensity_IntegratedIntensity_Intensity_IntegratedIntensity_AGP,Cells_AreaShapeMinFeretDiameter_AreaShapeMinFeretDiameter,0.8288607456921993
Nuclei_Granularity_7_Granularity_7_RNA,Cells_RadialDistribution_RadialCV_RadialDistribution_RadialCV_ER_3of4,0.8287950342405401
Cytoplasm_Intensity_MeanIntensity_Intensity_MeanIntensity_DNA,Nuclei_Texture_AngularSecondMoment_Texture_AngularSecondMoment_RNA_5_01_256,0.8286136326673298
Cytoplasm_Intensity_IntegratedIntensityEdge_Intensity_IntegratedIntensityEdge_DNA,Cells_AreaShapeMedianRadius_AreaShapeMedianRadius,0.8279557994113936
Cytoplasm_Intensity_IntegratedIntensity_Intensity_IntegratedIntensity_AGP,Cells_AreaShapeEquivalentDiameter_AreaShapeEquivalentDiameter,0.8279102996953531
Cells_Intensity_MassDisplacement_Intensity_MassDisplacement_RNA,Cytoplasm_AreaShapeMaxFeretDiameter_AreaShapeMaxFeretDiameter,0.8271597164808008
Cytoplasm_Intensity_UpperQuartileIntensity_Intensity_UpperQuartileIntensity_DNA,Nuclei_RadialDistribution_FracAtD_RadialDistribution_FracAtD_ER_4of4,0.8267360979235504
Cells_AreaShapeCompactness_AreaShapeCompactness,Nuclei_RadialDistribution_FracAtD_RadialDistribution_FracAtD_AGP_4of4,0.8267160099812301
Cytoplasm_Intensity_MeanIntensity_Intensity_MeanIntensity_DNA,Nuclei_RadialDistribution_FracAtD_RadialDistribution_FracAtD_ER_4of4,0.8265335596474018
Cells_Intensity_MinIntensity_Intensity_MinIntensity_DNA,Cytoplasm_AreaShapeCompactness_AreaShapeCompactness,0.8261433426919256
Cells_Intensity_MassDisplacement_Intensity_MassDisplacement_RNA,Cytoplasm_AreaShapeMaximumRadius_AreaShapeMaximumRadius,0.8257982980243828
Nuclei_Texture_InfoMeas2_Texture_InfoMeas2_RNA_5_03_256,Cells_Intensity_MaxIntensity_Intensity_MaxIntensity_ER,0.8257023365577004
Cells_Intensity_MaxIntensity_Intensity_MaxIntensity_ER,Nuclei_Texture_InfoMeas2_Texture_InfoMeas2_RNA_5_01_256,0.8253880201356432
Nuclei_RadialDistribution_FracAtD_RadialDistribution_FracAtD_AGP_3of4,Cells_AreaShapeSolidity_AreaShapeSolidity,0.8253413453310323
Nuclei_Intensity_UpperQuartileIntensity_Intensity_UpperQuartileIntensity_ER,Cells_Texture_Entropy_Texture_Entropy_RNA_3_02_256,0.8240661164307442
Cells_Texture_Entropy_Texture_Entropy_RNA_3_00_256,Nuclei_Intensity_UpperQuartileIntensity_Intensity_UpperQuartileIntensity_ER,0.8237191465697326
Cells_Intensity_MinIntensityEdge_Intensity_MinIntensityEdge_DNA,Nuclei_RadialDistribution_FracAtD_RadialDistribution_FracAtD_ER_4of4,0.8232330768131898
Cells_RadialDistributionFracAtD_RadialDistributionFracAtD_mito_tubeness_18of20,Nuclei_Granularity_1_Granularity_1_RNA,0.8218526825133964
Cells_Intensity_StdIntensityEdge_Intensity_StdIntensityEdge_DNA,Nuclei_NeighborsPercentTouching_NeighborsPercentTouching_1,0.8211009575441468
Nuclei_Intensity_LowerQuartileIntensity_Intensity_LowerQuartileIntensity_ER,Cytoplasm_Texture_Entropy_Texture_Entropy_RNA_3_02_256,0.8191399865019283
Cytoplasm_AreaShapeBoundingBoxArea_AreaShapeBoundingBoxArea,Cells_Intensity_MassDisplacement_Intensity_MassDisplacement_RNA,0.8190503388825292
Cells_Intensity_MeanIntensityEdge_Intensity_MeanIntensityEdge_DNA,Cytoplasm_AreaShapeCompactness_AreaShapeCompactness,0.817673674480911
Nuclei_Intensity_MeanIntensityEdge_Intensity_MeanIntensityEdge_ER,Cytoplasm_Texture_Entropy_Texture_Entropy_RNA_3_02_256,0.817401640045225
Cytoplasm_Intensity_IntegratedIntensity_Intensity_IntegratedIntensity_AGP,Cells_AreaShapeMinorAxisLength_AreaShapeMinorAxisLength,0.8169571847214718
Cytoplasm_Intensity_MeanIntensity_Intensity_MeanIntensity_DNA,Nuclei_AreaShapeCompactness_AreaShapeCompactness,0.8167652586352656
Cytoplasm_Texture_Entropy_Texture_Entropy_RNA_3_00_256,Nuclei_Intensity_MeanIntensityEdge_Intensity_MeanIntensityEdge_ER,0.8167255532289036
Cells_RadialDistribution_MeanFrac_RadialDistribution_MeanFrac_RNA_2of4,Nuclei_Granularity_6_Granularity_6_ER,0.8163334194395319
Nuclei_RadialDistribution_FracAtD_RadialDistribution_FracAtD_ER_4of4,Cells_Intensity_MeanIntensityEdge_Intensity_MeanIntensityEdge_DNA,0.8163084796787683
Cytoplasm_RadialDistribution_RadialCV_RadialDistribution_RadialCV_ER_4of4,Cells_Intensity_MassDisplacement_Intensity_MassDisplacement_AGP,0.8157548095624796
Nuclei_RadialDistribution_FracAtD_RadialDistribution_FracAtD_AGP_3of4,Cells_RadialDistributionRadialCV_RadialDistributionRadialCV_mito_tubeness_2of16,0.8152077564140248
Cytoplasm_Intensity_IntegratedIntensity_Intensity_IntegratedIntensity_DNA,Nuclei_NeighborsFirstClosestDistance_NeighborsFirstClosestDistance_1,0.814850052811919
Cytoplasm_Texture_Entropy_Texture_Entropy_RNA_3_01_256,Nuclei_Intensity_LowerQuartileIntensity_Intensity_LowerQuartileIntensity_ER,0.8145337318241217
Cytoplasm_RadialDistributionMeanFrac_RadialDistributionMeanFrac_mito_tubeness_12of20,Cells_Intensity_MinIntensityEdge_Intensity_MinIntensityEdge_DNA,0.8129346935870916
Cells_Intensity_MinIntensityEdge_Intensity_MinIntensityEdge_DNA,Cytoplasm_AreaShapeCompactness_AreaShapeCompactness,0.811769869012681
Cytoplasm_RadialDistributionMeanFrac_RadialDistributionMeanFrac_mito_tubeness_12of20,Nuclei_Texture_DifferenceVariance_Texture_DifferenceVariance_RNA_5_00_256,0.8116503533852235
Nuclei_Texture_SumAverage_Texture_SumAverage_ER_5_03_256,Cells_Intensity_StdIntensity_Intensity_StdIntensity_RNA,0.811598053275194
Cells_Intensity_StdIntensity_Intensity_StdIntensity_RNA,Nuclei_Texture_SumAverage_Texture_SumAverage_ER_5_01_256,0.8115587540402471
Nuclei_Texture_DifferenceVariance_Texture_DifferenceVariance_RNA_5_01_256,Cytoplasm_RadialDistributionMeanFrac_RadialDistributionMeanFrac_mito_tubeness_12of20,0.8114970817058449
Cytoplasm_Texture_InfoMeas2_Texture_InfoMeas2_RNA_10_03_256,Nuclei_Intensity_MeanIntensityEdge_Intensity_MeanIntensityEdge_ER,0.810637087954902
Cytoplasm_RadialDistributionMeanFrac_RadialDistributionMeanFrac_mito_tubeness_12of20,Cells_Texture_AngularSecondMoment_Texture_AngularSecondMoment_RNA_5_03_256,0.8105589741324379
Nuclei_Granularity_9_Granularity_9_RNA,Cells_RadialDistribution_MeanFrac_RadialDistribution_MeanFrac_ER_2of4,0.8103617037651285
Nuclei_Intensity_MeanIntensityEdge_Intensity_MeanIntensityEdge_ER,Cytoplasm_Texture_InfoMeas2_Texture_InfoMeas2_RNA_10_01_256,0.8103544948630184
Cells_RadialDistributionFracAtD_RadialDistributionFracAtD_mito_tubeness_1of20,Nuclei_Texture_DifferenceVariance_Texture_DifferenceVariance_RNA_5_00_256,0.810062891772055
Nuclei_Granularity_10_Granularity_10_Mito,Cells_RadialDistributionMeanFrac_RadialDistributionMeanFrac_mito_tubeness_10of16,0.8099681681252834
Cells_Texture_InfoMeas1_Texture_InfoMeas1_RNA_3_00_256,Nuclei_Granularity_1_Granularity_1_ER,0.8099219865027474
Nuclei_Texture_DifferenceVariance_Texture_DifferenceVariance_RNA_5_02_256,Cells_RadialDistributionFracAtD_RadialDistributionFracAtD_mito_tubeness_1of20,0.8098889078376175
Cells_RadialDistribution_MeanFrac_RadialDistribution_MeanFrac_ER_4of4,Nuclei_Texture_InfoMeas1_Texture_InfoMeas1_RNA_3_02_256,0.8097652352503448
Cells_RadialDistributionMeanFrac_RadialDistributionMeanFrac_mito_tubeness_12of20,Nuclei_Granularity_10_Granularity_10_Mito,0.8094337959077275
Cells_Intensity_StdIntensity_Intensity_StdIntensity_ER,Nuclei_Texture_InfoMeas2_Texture_InfoMeas2_RNA_5_01_256,0.8091936642049549
Nuclei_Texture_InfoMeas2_Texture_InfoMeas2_RNA_5_03_256,Cells_Intensity_StdIntensity_Intensity_StdIntensity_ER,0.8089277786175906
Cells_Intensity_MassDisplacement_Intensity_MassDisplacement_RNA,Cytoplasm_AreaShapeMajorAxisLength_AreaShapeMajorAxisLength,0.8084939970329876
Cells_Texture_AngularSecondMoment_Texture_AngularSecondMoment_RNA_5_00_256,Cytoplasm_RadialDistributionMeanFrac_RadialDistributionMeanFrac_mito_tubeness_12of20,0.8083504016116588
Cells_Intensity_MedianIntensity_Intensity_MedianIntensity_DNA,Nuclei_NeighborsNumberOfNeighbors_NeighborsNumberOfNeighbors_1,0.807419002487251
Cells_Intensity_MassDisplacement_Intensity_MassDisplacement_RNA,Cytoplasm_AreaShapePerimeter_AreaShapePerimeter,0.8072144579705884
Cytoplasm_Intensity_StdIntensity_Intensity_StdIntensity_DNA,Nuclei_NeighborsPercentTouching_NeighborsPercentTouching_1,0.8069359946204911
Cytoplasm_RadialDistribution_RadialCV_RadialDistribution_RadialCV_DNA_1of4,Nuclei_ParentNucleiIncludingEdges_ParentNucleiIncludingEdges,0.8066620287813432
Cytoplasm_RadialDistributionFracAtD_RadialDistributionFracAtD_mito_tubeness_10of20,Cells_Texture_AngularSecondMoment_Texture_AngularSecondMoment_RNA_5_03_256,0.8058241001389999
Cells_Texture_InfoMeas2_Texture_InfoMeas2_RNA_3_03_256,Cytoplasm_AreaShapeMaximumRadius_AreaShapeMaximumRadius,0.8057802268741332
Cytoplasm_RadialDistribution_RadialCV_RadialDistribution_RadialCV_RNA_3of4,Nuclei_Granularity_10_Granularity_10_ER,0.8057015967848977
Nuclei_Texture_AngularSecondMoment_Texture_AngularSecondMoment_RNA_5_01_256,Cells_RadialDistributionFracAtD_RadialDistributionFracAtD_mito_tubeness_1of20,0.8054807361902551
Cytoplasm_AreaShapeMaximumRadius_AreaShapeMaximumRadius,Cells_Texture_InfoMeas2_Texture_InfoMeas2_RNA_3_01_256,0.8051261584456199
Cytoplasm_Texture_DifferenceEntropy_Texture_DifferenceEntropy_RNA_3_02_256,Cells_Intensity_MaxIntensityEdge_Intensity_MaxIntensityEdge_ER,0.8047239454754399
Nuclei_Granularity_9_Granularity_9_RNA,Cells_RadialDistribution_RadialCV_RadialDistribution_RadialCV_ER_3of4,0.8046082312842651
Nuclei_Granularity_10_Granularity_10_Mito,Cells_RadialDistributionFracAtD_RadialDistributionFracAtD_mito_tubeness_12of20,0.8042338914182595
Cells_Intensity_MinIntensityEdge_Intensity_MinIntensityEdge_DNA,Cytoplasm_RadialDistributionMeanFrac_RadialDistributionMeanFrac_mito_tubeness_8of16,0.8030971504321038
Nuclei_NumberObject_NumberObject_Number,Cytoplasm_RadialDistribution_RadialCV_RadialDistribution_RadialCV_DNA_1of4,0.8026393797217302
Nuclei_NumberObject_NumberObject_Number,Cytoplasm_Granularity_7_Granularity_7_DNA,0.8023730781801804
Nuclei_Granularity_11_Granularity_11_ER,Cytoplasm_RadialDistribution_RadialCV_RadialDistribution_RadialCV_RNA_3of4,0.8022437257644999
Cells_RadialDistributionFracAtD_RadialDistributionFracAtD_mito_tubeness_1of20,Cytoplasm_Intensity_LowerQuartileIntensity_Intensity_LowerQuartileIntensity_DNA,0.8019793237635064
Cytoplasm_Granularity_7_Granularity_7_DNA,Nuclei_ParentNucleiIncludingEdges_ParentNucleiIncludingEdges,0.8018633326904742
Cells_Granularity_10_Granularity_10_ER,Cytoplasm_RadialDistribution_RadialCV_RadialDistribution_RadialCV_RNA_3of4,0.8017311211759184
Cytoplasm_RadialDistributionFracAtD_RadialDistributionFracAtD_mito_tubeness_10of20,Cells_Intensity_MinIntensityEdge_Intensity_MinIntensityEdge_DNA,0.8002964892630388
Cells_Intensity_StdIntensityEdge_Intensity_StdIntensityEdge_ER,Cytoplasm_Texture_DifferenceEntropy_Texture_DifferenceEntropy_RNA_3_01_256,0.8001161892532683
Cytoplasm_AreaShapeZernike_AreaShapeZernike_5_1,Nuclei_RadialDistribution_FracAtD_RadialDistribution_FracAtD_ER_4of4,-0.8000731257541964
Nuclei_Texture_DifferenceVariance_Texture_DifferenceVariance_RNA_5_02_256,Cytoplasm_AreaShapeEulerNumber_AreaShapeEulerNumber,-0.8005148226523566
Nuclei_AreaShapeFormFactor_AreaShapeFormFactor,Cells_Intensity_MinIntensityEdge_Intensity_MinIntensityEdge_DNA,-0.8005980562122158
Cytoplasm_AreaShapeEulerNumber_AreaShapeEulerNumber,Nuclei_Texture_DifferenceVariance_Texture_DifferenceVariance_RNA_3_01_256,-0.8009184593345156
Nuclei_RadialDistribution_FracAtD_RadialDistribution_FracAtD_AGP_3of4,Cytoplasm_Granularity_2_Granularity_2_DNA,-0.8020012120865234
Cells_AreaShapeMaxFeretDiameter_AreaShapeMaxFeretDiameter,Cytoplasm_Texture_InfoMeas1_Texture_InfoMeas1_RNA_3_02_256,-0.8020658698061393
Cytoplasm_RadialDistributionMeanFrac_RadialDistributionMeanFrac_mito_tubeness_12of20,Nuclei_RadialDistribution_FracAtD_RadialDistribution_FracAtD_DNA_3of4,-0.8032512465654421
Nuclei_AreaShapeMedianRadius_AreaShapeMedianRadius,Cells_Texture_DifferenceVariance_Texture_DifferenceVariance_RNA_5_03_256,-0.8036339880895337
Nuclei_NeighborsSecondClosestDistance_NeighborsSecondClosestDistance_1,Cytoplasm_RadialDistribution_RadialCV_RadialDistribution_RadialCV_DNA_1of4,-0.804234879217951
Cells_Texture_AngularSecondMoment_Texture_AngularSecondMoment_RNA_5_00_256,Cytoplasm_AreaShapeEulerNumber_AreaShapeEulerNumber,-0.8043704756419933
Cytoplasm_AreaShapeEulerNumber_AreaShapeEulerNumber,Cells_Texture_AngularSecondMoment_Texture_AngularSecondMoment_RNA_5_02_256,-0.8043950051630638
Cytoplasm_Texture_InfoMeas1_Texture_InfoMeas1_RNA_3_00_256,Cells_AreaShapeMaxFeretDiameter_AreaShapeMaxFeretDiameter,-0.8045098259468407
Cytoplasm_Texture_InfoMeas1_Texture_InfoMeas1_RNA_3_00_256,Cells_AreaShapeMajorAxisLength_AreaShapeMajorAxisLength,-0.8047854920595656
Nuclei_Granularity_1_Granularity_1_RNA,Cells_RadialDistributionFracAtD_RadialDistributionFracAtD_mito_tubeness_10of16,-0.8052497360296405
Nuclei_Intensity_MinIntensity_Intensity_MinIntensity_ER,Cytoplasm_Texture_InverseDifferenceMoment_Texture_InverseDifferenceMoment_RNA_3_02_256,-0.8056911427265302
Cells_Texture_DifferenceVariance_Texture_DifferenceVariance_RNA_10_01_256,Nuclei_AreaShapeMedianRadius_AreaShapeMedianRadius,-0.8059827426097053
Nuclei_Granularity_1_Granularity_1_RNA,Cytoplasm_AreaShapeSolidity_AreaShapeSolidity,-0.8063692981572367
Cytoplasm_RadialDistributionRadialCV_RadialDistributionRadialCV_mito_tubeness_12of20,Nuclei_RadialDistribution_FracAtD_RadialDistribution_FracAtD_AGP_3of4,-0.8064436199682806
Cells_RadialDistributionRadialCV_RadialDistributionRadialCV_mito_tubeness_2of16,Cytoplasm_Intensity_MedianIntensity_Intensity_MedianIntensity_DNA,-0.8065918740666228
Cytoplasm_Texture_InverseDifferenceMoment_Texture_InverseDifferenceMoment_RNA_3_00_256,Nuclei_Intensity_MinIntensityEdge_Intensity_MinIntensityEdge_ER,-0.8067395420966871
Cytoplasm_AreaShapeEulerNumber_AreaShapeEulerNumber,Cells_Intensity_MinIntensity_Intensity_MinIntensity_DNA,-0.8070881010432106
Nuclei_Location_CenterMassIntensity_Y_Location_CenterMassIntensity_Y_Mito,Cytoplasm_Intensity_MedianIntensity_Intensity_MedianIntensity_DNA,-0.8087536796033585
Nuclei_AreaShapeExtent_AreaShapeExtent,Cells_Intensity_MinIntensity_Intensity_MinIntensity_DNA,-0.8089168371628345
Cells_Texture_InverseDifferenceMoment_Texture_InverseDifferenceMoment_RNA_3_01_256,Nuclei_Intensity_LowerQuartileIntensity_Intensity_LowerQuartileIntensity_ER,-0.8092752447606921
Nuclei_RadialDistribution_FracAtD_RadialDistribution_FracAtD_AGP_3of4,Cytoplasm_RadialDistributionFracAtD_RadialDistributionFracAtD_mito_tubeness_8of16,-0.8093913496072274
Cells_RadialDistribution_MeanFrac_RadialDistribution_MeanFrac_RNA_4of4,Nuclei_Granularity_3_Granularity_3_AGP,-0.8096198696299971
Cells_Texture_InfoMeas1_Texture_InfoMeas1_ER_5_01_256,Cytoplasm_AreaShapeMaximumRadius_AreaShapeMaximumRadius,-0.8096775274431617
Cells_Texture_InfoMeas1_Texture_InfoMeas1_RNA_5_02_256,Nuclei_Granularity_10_Granularity_10_ER,-0.8102384899650503
Cytoplasm_RadialDistribution_MeanFrac_RadialDistribution_MeanFrac_DNA_3of4,Nuclei_ParentNucleiIncludingEdges_ParentNucleiIncludingEdges,-0.810370533955002
Cytoplasm_Intensity_MinIntensity_Intensity_MinIntensity_DNA,Nuclei_AreaShapeExtent_AreaShapeExtent,-0.8108541007712142
Nuclei_Location_MaxIntensity_Y_Location_MaxIntensity_Y_Mito,Cytoplasm_Intensity_MedianIntensity_Intensity_MedianIntensity_DNA,-0.8109156072336061
Nuclei_Granularity_10_Granularity_10_ER,Cells_Texture_InfoMeas1_Texture_InfoMeas1_RNA_5_03_256,-0.8110394123794755
Cytoplasm_RadialDistributionFracAtD_RadialDistributionFracAtD_mito_tubeness_10of20,Nuclei_RadialDistribution_FracAtD_RadialDistribution_FracAtD_AGP_3of4,-0.811518692387569
Nuclei_Intensity_MinIntensityEdge_Intensity_MinIntensityEdge_ER,Cytoplasm_Texture_InverseDifferenceMoment_Texture_InverseDifferenceMoment_RNA_3_02_256,-0.8117057822126637
Cytoplasm_Intensity_MinIntensity_Intensity_MinIntensity_DNA,Nuclei_AreaShapeMeanRadius_AreaShapeMeanRadius,-0.8118286360785394
Nuclei_Location_CenterMassIntensity_Y_Location_CenterMassIntensity_Y_Mito,Cytoplasm_Intensity_LowerQuartileIntensity_Intensity_LowerQuartileIntensity_DNA,-0.8118525490393805
Cytoplasm_Intensity_UpperQuartileIntensity_Intensity_UpperQuartileIntensity_DNA,Cells_RadialDistributionRadialCV_RadialDistributionRadialCV_mito_tubeness_2of20,-0.812305395450553
Nuclei_NumberObject_NumberObject_Number,Cytoplasm_RadialDistribution_MeanFrac_RadialDistribution_MeanFrac_DNA_3of4,-0.8123285390031751
Cytoplasm_Intensity_LowerQuartileIntensity_Intensity_LowerQuartileIntensity_DNA,Nuclei_Location_MaxIntensity_Y_Location_MaxIntensity_Y_ER,-0.8125894270514821
Cytoplasm_AreaShapeZernike_AreaShapeZernike_2_0,Cells_Texture_InfoMeas1_Texture_InfoMeas1_ER_3_02_256,-0.8127018791942994
Cells_AreaShapeSolidity_AreaShapeSolidity,Nuclei_RadialDistribution_FracAtD_RadialDistribution_FracAtD_AGP_4of4,-0.8131376170897654
Nuclei_Intensity_LowerQuartileIntensity_Intensity_LowerQuartileIntensity_ER,Cells_Texture_InverseDifferenceMoment_Texture_InverseDifferenceMoment_RNA_3_02_256,-0.8132636149199934
Cytoplasm_AreaShapeMaximumRadius_AreaShapeMaximumRadius,Cells_Texture_InfoMeas1_Texture_InfoMeas1_ER_3_02_256,-0.8133416555344859
Cytoplasm_Intensity_MeanIntensity_Intensity_MeanIntensity_DNA,Cells_RadialDistributionRadialCV_RadialDistributionRadialCV_mito_tubeness_2of20,-0.8136103459002932
Cells_RadialDistributionRadialCV_RadialDistributionRadialCV_mito_tubeness_2of16,Cytoplasm_Intensity_LowerQuartileIntensity_Intensity_LowerQuartileIntensity_DNA,-0.8138092709813123
Nuclei_Location_MaxIntensity_Y_Location_MaxIntensity_Y_Mito,Cytoplasm_Intensity_LowerQuartileIntensity_Intensity_LowerQuartileIntensity_DNA,-0.8141101946686448
Cells_Intensity_LowerQuartileIntensity_Intensity_LowerQuartileIntensity_DNA,Nuclei_AreaShapeSolidity_AreaShapeSolidity,-0.8141364071464875
Cells_Texture_InfoMeas2_Texture_InfoMeas2_ER_3_03_256,Nuclei_Granularity_1_Granularity_1_RNA,-0.8145577723359979
Nuclei_Texture_InfoMeas1_Texture_InfoMeas1_RNA_3_00_256,Cells_RadialDistribution_MeanFrac_RadialDistribution_MeanFrac_ER_2of4,-0.8151854403295995
Cells_Texture_AngularSecondMoment_Texture_AngularSecondMoment_RNA_5_01_256,Nuclei_AreaShapeMedianRadius_AreaShapeMedianRadius,-0.8160166681870468
Nuclei_AreaShapeMedianRadius_AreaShapeMedianRadius,Cells_Texture_AngularSecondMoment_Texture_AngularSecondMoment_RNA_5_03_256,-0.8163040125263463
Nuclei_Granularity_1_Granularity_1_RNA,Cells_RadialDistributionMeanFrac_RadialDistributionMeanFrac_mito_tubeness_10of16,-0.8164965768003473
Cells_Intensity_MinIntensityEdge_Intensity_MinIntensityEdge_DNA,Nuclei_AreaShapeMedianRadius_AreaShapeMedianRadius,-0.8186525667798564
Nuclei_AreaShapeExtent_AreaShapeExtent,Cytoplasm_Intensity_UpperQuartileIntensity_Intensity_UpperQuartileIntensity_DNA,-0.8193504162755358
Cytoplasm_RadialDistribution_MeanFrac_RadialDistribution_MeanFrac_DNA_3of4,Cells_Intensity_MinIntensityEdge_Intensity_MinIntensityEdge_ER,-0.82013867806398
Cytoplasm_AreaShapeMeanRadius_AreaShapeMeanRadius,Cells_Texture_InfoMeas1_Texture_InfoMeas1_ER_10_00_256,-0.8210193931293875
Cells_RadialDistributionRadialCV_RadialDistributionRadialCV_mito_tubeness_2of16,Nuclei_Texture_AngularSecondMoment_Texture_AngularSecondMoment_RNA_5_03_256,-0.8210365210932253
Cells_Texture_InfoMeas1_Texture_InfoMeas1_ER_5_01_256,Cytoplasm_AreaShapeMeanRadius_AreaShapeMeanRadius,-0.8213247785871296
Nuclei_Texture_AngularSecondMoment_Texture_AngularSecondMoment_RNA_5_01_256,Cells_RadialDistributionRadialCV_RadialDistributionRadialCV_mito_tubeness_2of16,-0.8215125608835802
Cytoplasm_RadialDistribution_MeanFrac_RadialDistribution_MeanFrac_DNA_3of4,Cells_Intensity_MinIntensity_Intensity_MinIntensity_ER,-0.8217928623743986
Nuclei_RadialDistribution_FracAtD_RadialDistribution_FracAtD_AGP_3of4,Cytoplasm_Intensity_UpperQuartileIntensity_Intensity_UpperQuartileIntensity_DNA,-0.8234242748720798
Nuclei_Granularity_1_Granularity_1_RNA,Cells_Texture_InfoMeas2_Texture_InfoMeas2_ER_5_01_256,-0.8238891393386495
Cytoplasm_AreaShapeEquivalentDiameter_AreaShapeEquivalentDiameter,Cells_Texture_InfoMeas1_Texture_InfoMeas1_RNA_3_02_256,-0.8241714327175087
Cells_Texture_InfoMeas1_Texture_InfoMeas1_ER_10_03_256,Cytoplasm_RadialDistribution_RadialCV_RadialDistribution_RadialCV_RNA_4of4,-0.8243464858478092
Cells_Texture_InfoMeas1_Texture_InfoMeas1_RNA_3_02_256,Cytoplasm_AreaShapeZernike_AreaShapeZernike_2_0,-0.8254673102284467
Cells_Texture_InfoMeas1_Texture_InfoMeas1_ER_5_01_256,Cytoplasm_AreaShapeEquivalentDiameter_AreaShapeEquivalentDiameter,-0.8258391067720365
Nuclei_RadialDistribution_FracAtD_RadialDistribution_FracAtD_AGP_3of4,Cytoplasm_RadialDistributionMeanFrac_RadialDistributionMeanFrac_mito_tubeness_8of16,-0.8264189954635518
Cytoplasm_Texture_InverseDifferenceMoment_Texture_InverseDifferenceMoment_RNA_3_02_256,Cells_Intensity_MaxIntensityEdge_Intensity_MaxIntensityEdge_ER,-0.8267816328964654
Nuclei_AreaShapeZernike_AreaShapeZernike_0_0,Cytoplasm_Granularity_2_Granularity_2_DNA,-0.8269353967271706
Cytoplasm_Intensity_MinIntensityEdge_Intensity_MinIntensityEdge_DNA,Cells_RadialDistributionRadialCV_RadialDistributionRadialCV_mito_tubeness_2of20,-0.8279295894238424
Cells_Texture_InfoMeas2_Texture_InfoMeas2_RNA_3_00_256,Cytoplasm_AreaShapeCompactness_AreaShapeCompactness,-0.8282469579703048
Nuclei_Granularity_1_Granularity_1_AGP,Cytoplasm_RadialDistribution_RadialCV_RadialDistribution_RadialCV_RNA_4of4,-0.8284830545686158
Nuclei_AreaShapeExtent_AreaShapeExtent,Cells_Intensity_MinIntensityEdge_Intensity_MinIntensityEdge_DNA,-0.8286129846148761
Cells_RadialDistributionRadialCV_RadialDistributionRadialCV_mito_tubeness_2of16,Nuclei_Texture_DifferenceVariance_Texture_DifferenceVariance_RNA_5_00_256,-0.8297338193507148
Nuclei_Texture_DifferenceVariance_Texture_DifferenceVariance_RNA_5_02_256,Cells_RadialDistributionRadialCV_RadialDistributionRadialCV_mito_tubeness_2of16,-0.8297962225244472
Cytoplasm_AreaShapeMedianRadius_AreaShapeMedianRadius,Cells_Texture_InfoMeas1_Texture_InfoMeas1_ER_5_03_256,-0.8299632341329405
Nuclei_RadialDistribution_FracAtD_RadialDistribution_FracAtD_AGP_3of4,Cytoplasm_Intensity_MinIntensity_Intensity_MinIntensity_DNA,-0.8301483567697706
Cells_Texture_InfoMeas1_Texture_InfoMeas1_ER_5_01_256,Cytoplasm_AreaShapeMedianRadius_AreaShapeMedianRadius,-0.8304646529700986
Nuclei_Granularity_9_Granularity_9_ER,Cells_Texture_InfoMeas1_Texture_InfoMeas1_RNA_3_01_256,-0.8309719044160259
Cytoplasm_Texture_InverseDifferenceMoment_Texture_InverseDifferenceMoment_RNA_3_03_256,Cells_Intensity_MedianIntensity_Intensity_MedianIntensity_ER,-0.8310138473545112
Cytoplasm_Intensity_MinIntensity_Intensity_MinIntensity_DNA,Nuclei_AreaShapeMedianRadius_AreaShapeMedianRadius,-0.83118795175548
Cells_Texture_InfoMeas1_Texture_InfoMeas1_RNA_5_02_256,Nuclei_Granularity_9_Granularity_9_ER,-0.8322459715492657
Cytoplasm_Intensity_MinIntensity_Intensity_MinIntensity_DNA,Nuclei_RadialDistribution_FracAtD_RadialDistribution_FracAtD_ER_3of4,-0.8324610530676779
Nuclei_Intensity_MeanIntensityEdge_Intensity_MeanIntensityEdge_ER,Cytoplasm_Texture_InverseDifferenceMoment_Texture_InverseDifferenceMoment_RNA_3_02_256,-0.8326070157924131
Cells_Intensity_StdIntensity_Intensity_StdIntensity_ER,Nuclei_Texture_InfoMeas1_Texture_InfoMeas1_RNA_10_02_256,-0.832726985839585
Cytoplasm_Texture_InverseDifferenceMoment_Texture_InverseDifferenceMoment_RNA_3_03_256,Nuclei_Intensity_MeanIntensityEdge_Intensity_MeanIntensityEdge_ER,-0.8328412681197165
Nuclei_AreaShapeFormFactor_AreaShapeFormFactor,Cytoplasm_Intensity_MedianIntensity_Intensity_MedianIntensity_DNA,-0.8353260372858833
Cytoplasm_Intensity_MinIntensity_Intensity_MinIntensity_DNA,Cells_RadialDistributionRadialCV_RadialDistributionRadialCV_mito_tubeness_2of20,-0.8378992969637727
Cells_Texture_InfoMeas1_Texture_InfoMeas1_ER_3_00_256,Cytoplasm_AreaShapeSolidity_AreaShapeSolidity,-0.8380615634728367
Cytoplasm_Texture_InfoMeas1_Texture_InfoMeas1_ER_5_02_256,Cells_Intensity_MassDisplacement_Intensity_MassDisplacement_AGP,-0.8393968083672046
Nuclei_AreaShapeFormFactor_AreaShapeFormFactor,Cytoplasm_Intensity_LowerQuartileIntensity_Intensity_LowerQuartileIntensity_DNA,-0.8409165084343366
Nuclei_RadialDistribution_FracAtD_RadialDistribution_FracAtD_AGP_3of4,Cells_Intensity_MinIntensityEdge_Intensity_MinIntensityEdge_DNA,-0.8420442500270577
Cytoplasm_AreaShapeSolidity_AreaShapeSolidity,Cells_Texture_InfoMeas1_Texture_InfoMeas1_ER_3_02_256,-0.8426798838778449
Nuclei_Texture_InfoMeas1_Texture_InfoMeas1_RNA_5_03_256,Cells_Intensity_StdIntensity_Intensity_StdIntensity_ER,-0.843857592300818
Nuclei_AreaShapeSolidity_AreaShapeSolidity,Cells_Texture_DifferenceVariance_Texture_DifferenceVariance_RNA_3_01_256,-0.8445867158903495
Cells_Texture_DifferenceVariance_Texture_DifferenceVariance_RNA_5_00_256,Nuclei_AreaShapeSolidity_AreaShapeSolidity,-0.8452412400580956
Cells_Intensity_MedianIntensity_Intensity_MedianIntensity_ER,Cytoplasm_Texture_InverseDifferenceMoment_Texture_InverseDifferenceMoment_RNA_3_02_256,-0.8461401117148982
Cytoplasm_AreaShapeEulerNumber_AreaShapeEulerNumber,Nuclei_Intensity_IntegratedIntensityEdge_Intensity_IntegratedIntensityEdge_DNA,-0.8464832653159119
Nuclei_RadialDistribution_FracAtD_RadialDistribution_FracAtD_AGP_3of4,Cells_AreaShapeCompactness_AreaShapeCompactness,-0.8478810124309014
Cytoplasm_Intensity_MeanIntensity_Intensity_MeanIntensity_DNA,Nuclei_AreaShapeSolidity_AreaShapeSolidity,-0.8489133985438968
Nuclei_RadialDistribution_FracAtD_RadialDistribution_FracAtD_AGP_3of4,Cytoplasm_Intensity_MedianIntensity_Intensity_MedianIntensity_DNA,-0.8489841751625554
Cytoplasm_RadialDistribution_FracAtD_RadialDistribution_FracAtD_DNA_3of4,Nuclei_Texture_AngularSecondMoment_Texture_AngularSecondMoment_RNA_10_02_256,-0.8494518009574243
Cytoplasm_RadialDistribution_FracAtD_RadialDistribution_FracAtD_DNA_3of4,Nuclei_Texture_DifferenceVariance_Texture_DifferenceVariance_RNA_10_02_256,-0.8505198213042732
Nuclei_AreaShapeExtent_AreaShapeExtent,Cytoplasm_Intensity_MedianIntensity_Intensity_MedianIntensity_DNA,-0.8512010236749089
Nuclei_Texture_AngularSecondMoment_Texture_AngularSecondMoment_RNA_5_01_256,Cytoplasm_RadialDistribution_FracAtD_RadialDistribution_FracAtD_DNA_3of4,-0.8516849310195027
Nuclei_Texture_DifferenceVariance_Texture_DifferenceVariance_RNA_5_03_256,Cytoplasm_RadialDistribution_FracAtD_RadialDistribution_FracAtD_DNA_3of4,-0.8517421337558592
Cells_Texture_AngularSecondMoment_Texture_AngularSecondMoment_RNA_5_01_256,Nuclei_AreaShapeSolidity_AreaShapeSolidity,-0.8531020687883354
Nuclei_AreaShapeSolidity_AreaShapeSolidity,Cells_Texture_AngularSecondMoment_Texture_AngularSecondMoment_RNA_5_03_256,-0.8533660900670388
Cells_RadialDistribution_RadialCV_RadialDistribution_RadialCV_RNA_4of4,Cytoplasm_Texture_InfoMeas1_Texture_InfoMeas1_ER_3_01_256,-0.8538445061887251
Nuclei_RadialDistribution_FracAtD_RadialDistribution_FracAtD_AGP_3of4,Cytoplasm_Intensity_LowerQuartileIntensity_Intensity_LowerQuartileIntensity_DNA,-0.8539266702876145
Cytoplasm_AreaShapeEulerNumber_AreaShapeEulerNumber,Nuclei_Intensity_MinIntensityEdge_Intensity_MinIntensityEdge_DNA,-0.8540051216967183
Cytoplasm_RadialDistribution_RadialCV_RadialDistribution_RadialCV_ER_3of4,Nuclei_Granularity_1_Granularity_1_AGP,-0.8545395025434169
Cytoplasm_Granularity_2_Granularity_2_DNA,Nuclei_AreaShapeSolidity_AreaShapeSolidity,-0.8564318796434889
Nuclei_AreaShapeExtent_AreaShapeExtent,Cytoplasm_Intensity_LowerQuartileIntensity_Intensity_LowerQuartileIntensity_DNA,-0.8564465772109342
Nuclei_AreaShapeFormFactor_AreaShapeFormFactor,Cytoplasm_Granularity_2_Granularity_2_DNA,-0.8636973976040146
Cytoplasm_Intensity_UpperQuartileIntensity_Intensity_UpperQuartileIntensity_DNA,Nuclei_AreaShapeSolidity_AreaShapeSolidity,-0.8668828635147253
Nuclei_AreaShapeExtent_AreaShapeExtent,Cytoplasm_Granularity_2_Granularity_2_DNA,-0.8681656183892162
Cells_Intensity_MassDisplacement_Intensity_MassDisplacement_RNA,Cytoplasm_Texture_InfoMeas1_Texture_InfoMeas1_ER_3_01_256,-0.8705428794697287
Cytoplasm_Texture_InverseDifferenceMoment_Texture_InverseDifferenceMoment_RNA_3_00_256,Cells_Intensity_MeanIntensity_Intensity_MeanIntensity_ER,-0.8722807257231953
Cells_Intensity_MeanIntensity_Intensity_MeanIntensity_ER,Cytoplasm_Texture_InverseDifferenceMoment_Texture_InverseDifferenceMoment_RNA_3_02_256,-0.8750244265090411
Cytoplasm_Intensity_MinIntensity_Intensity_MinIntensity_DNA,Nuclei_AreaShapeSolidity_AreaShapeSolidity,-0.8758730646036621
Cytoplasm_Texture_InverseDifferenceMoment_Texture_InverseDifferenceMoment_RNA_3_00_256,Cells_Intensity_UpperQuartileIntensity_Intensity_UpperQuartileIntensity_ER,-0.880960356445165
Cells_Intensity_UpperQuartileIntensity_Intensity_UpperQuartileIntensity_ER,Cytoplasm_Texture_InverseDifferenceMoment_Texture_InverseDifferenceMoment_RNA_3_02_256,-0.8823775782622427
Cells_Intensity_MinIntensityEdge_Intensity_MinIntensityEdge_DNA,Nuclei_AreaShapeSolidity_AreaShapeSolidity,-0.8886453549418585
Nuclei_AreaShapeSolidity_AreaShapeSolidity,Cytoplasm_Intensity_MedianIntensity_Intensity_MedianIntensity_DNA,-0.8977114085739655
Nuclei_AreaShapeSolidity_AreaShapeSolidity,Cytoplasm_Intensity_LowerQuartileIntensity_Intensity_LowerQuartileIntensity_DNA,-0.9035489826749741
Nuclei_Granularity_1_Granularity_1_RNA,Cells_RadialDistribution_MeanFrac_RadialDistribution_MeanFrac_ER_3of4,-0.905959683506738
Cells_RadialDistribution_MeanFrac_RadialDistribution_MeanFrac_RNA_3of4,Nuclei_Granularity_1_Granularity_1_ER,-0.9141735282004271
